Time (µs),Voltage (V),Current (A),RowIndex
-24.80000000000001,-0.007964801597869506,-0.0014831665579227698,220
0.7999999999999885,-1.6548198015978697,-0.3766396665579228,252
197.6,-2.2411698015978696,-0.34826466655792276,498
200.79999999999998,-0.5577838015978696,0.0018918334420772304,502
292.0,-0.3553098015978695,0.0025168334420772303,616
