Time (µs),Voltage (V),Current (A),RowIndex
-24.80000000000001,-0.011328152237017313,-0.0011310933488681753,220
0.7999999999999885,-1.5685420522370173,-0.34964721334886817,252
197.6,-2.0605220522370176,-0.3176472133488682,498
200.79999999999998,-0.4666960522370173,0.0055564166511318245,502
292.0,-0.26832605223701733,0.015212686651131825,616
