Time (µs),Voltage (V),Current (A),RowIndex
-24.80000000000001,-0.008122237177097206,-0.0007077674434087882,220
0.7999999999999885,-1.4389059371770971,-0.3638328874434088,252
197.6,-1.9824959371770972,-0.32995788744340876,498
200.79999999999998,-0.5156999371770973,0.009760992556591212,502
292.0,-0.30757493717709716,0.010245362556591212,616
