Time (µs),Voltage (V),Current (A),RowIndex
-24.80000000000001,-0.00058925913448735,0.0007498307256990676,220
0.7999999999999885,-1.3914504591344874,-0.36164053927430095,252
197.6,-1.9231704591344874,-0.327781539274301,498
200.79999999999998,-0.5143394591344873,0.010296710725699067,502
292.0,-0.30254245913448735,0.010952960725699068,616
