Time (µs),Voltage (V),Current (A),RowIndex
-24.80000000000001,-0.01333513362183755,-0.0019478019374167778,220
0.7999999999999885,-1.3746626336218377,-0.3686509219374168,252
197.6,-1.9258326336218377,-0.3324479219374168,498
200.79999999999998,-0.5512256336218375,0.012630378062583223,502
292.0,-0.32669463362183754,0.009489708062583223,616
